Title,Price,Brand,Rating,Reviews
ASUS Vivobook 14 Flip Laptop Copilot+ PC,971.99,Sponsored,4.4,9
"Acer Swift Go 14 AI Copilot+ PC | 14.5"" 2.5K 120Hz Display | Unlock AI Experiences | Snapdragon X Plus 8-Core Processor | 16GB RAM | 1TB Gen 4 SSD | Wi-Fi 7 | Windows 11 Home | SFG14-01-X006",921.38,Sponsored,3.6,3
ASUS ROG Strix G16 (2025) Gaming Laptop,1484.32,ASUS,4.2,6
HP 14 Laptop,1249.99,HP,4.1,3445
Lenovo IdeaPad 1i ,757.94,Lenovo,4,200
jumper 16 inch Convertible Laptop,942.49,jumper,4.3,229
HP FHD Laptop Computer Student and Business ,325.65,HP,4.3,416
Lenovo IdeaPad 1 Student Laptop,1249.99,Lenovo,4.1,113
Acer Nitro V Gaming Laptop | Intel Core i5-13420H Processor ,401.16,Acer,4.2,549
Acer Nitro V Gaming Laptop | Intel Core i7-13620H Processor ,2387.95,Acer,4.2,129
"Acer Aspire Go 15 AI Ready Laptop | 15.6"" Full HD (1920 x 1080) IPS Display | Intel Core 3 Processor N355 | Intel Graphics | 8GB DDR5 | 128GB UFS | Wi-Fi 6 | Windows 11 Home in S Mode | AG15-32P-39R2",1149.99,Acer,5,24
Sponsored Ad - ASUS Vivobook S 14 OLED Slim Laptop,1057.99,Sponsored,5,7
HP 14 in Ultral Light Laptop for Students and Business,1149.99,HP,4.2,736
Laptop 16-inch 8GB DDR 256GB SSD Portable Laptop,N/A,Laptop,4.1,558
HP Stream 14 in HD BrightView Laptop,N/A,HP,4.8,20
HP 15.6 in Business Laptop,N/A,HP,4.3,35
 HP 250 255 G10 Business Laptop 15.6 in FHD Display,N/A,Sponsored,4.3,229
Dell Inspiron Touchscreen Laptop,N/A,Dell,4.1,2520
ASUS Vivobook Go 15.6ù Slim Laptop,N/A,ASUS,5,15
ASUS ROG Strix G16 (2025) Gaming Laptop,N/A,ASUS,4.2,2867
 ASUS Vivobook S16 Laptop,N/A,Sponsored,4.2,463
Center Cam V2 Middle-Screen Webcam - The Original Center Cam - 1080p Plug & Play USB,N/A,Sponsored,4.2,9
N/A,N/A,N/A,4.2,574
N/A,N/A,N/A,4.3,427
N/A,N/A,N/A,4,511
N/A,N/A,N/A,4.3,17
N/A,N/A,N/A,4.4,30
N/A,N/A,N/A,4.3,229
N/A,N/A,N/A,4.6,29
N/A,N/A,N/A,4.3,17
N/A,N/A,N/A,4.7,57
N/A,N/A,N/A,5,15
N/A,N/A,N/A,4,N/A
HP 14 in HD Student Business Laptop,211.59,HP,4.5,81
jumper 16 inch Convertible Laptop,339.83,jumper,5,24
Lenovo IdeaPad 1 Student Laptop,297.84,Lenovo,4.1,1327
Lenovo IdeaPad 3i Chromebook,209.37,Lenovo,4.3,840
HP 17 Laptop,244.99,HP,4.2,765
Dell Inspiron 15 3000 3520 Business Laptop Computer[Windows 11 Pro],N/A,Dell,4.3,454
"Acer Aspire 3 A315-24P-R7VH Slim Laptop | 15.6"" Full HD | AMD Ryzen 3 7320U Quad-Core | AMD Radeon Graphics | 8GB LPDDR5 | 128GB NVMe SSD | Wi-Fi 6 | Windows 11 Home",N/A,Acer,4.3,4020
HP Portable Laptop (Include 1 Year Microsoft 365),N/A,HP,4.1,3084
HP Chromebook 14 Laptop,N/A,HP,4.3,2130
ASUS 14 in  FHD Laptop,N/A,ASUS,4.4,2889
"Samsung 14"" Galaxy Chromebook Go Laptop PC Computer",N/A,Samsung,5,2
SGIN Laptop Computer 15.6 Inch,N/A,SGIN,5,3
Laptop 16-inch 8GB DDR 256GB SSD Portable Laptop,N/A,Laptop,5,15
Lenovo IdeaPad Slim 3 Chromebook,N/A,Lenovo,4.4,189
ASUS Vivobook Go 11.6ù HD Slim Laptop,N/A,ASUS,4,899
ASUS Vivobook Go 15.6ù FHD Slim Laptop,N/A,ASUS,4.4,415
N/A,N/A,N/A,4,N/A
