Title,Brand,Price,Rating,Reviews
Bose QuietComfort Bluetooth Headphones,Bose,N/A,4.6,11603
Beats Studio Pro ,Beats,168.25,4.5,2275
Beats Solo 4 ,Beats,119.95,4.6,14150
NDO Wireless Earbuds Bluetooth 5.3 Headphones Sport,NDO,229.99,4.9,2287
Sony WH,Sony,148..00,4.4,10537
Wireless Earbuds,Wireless,N/A,4.9,3564
Sony WH,Sony,N/A,4.6,60218
Sony ULT WEAR Over,Sony,N/A,4.3,1669
Wireless Earbuds,Wireless,219.99,4.8,554
Apple AirPods 4 Wireless Earbuds,Apple,110.67,4.5,6929
JBL Live 770NC ,JBL,99.77,4.5,1045
Apple AirPods Pro 2 Wireless Earbuds,Apple,143.04,4.6,31291
Sennheiser HD 560 S Over,Sennheiser,199..95,4.6,3130
Sennheiser Consumer Audio HD 660S2 ,Sennheiser,343.95,4.5,522
Soundcore by Anker Space Q45 Adaptive Active Noise Cancelling Headphones,Soundcore,N/A,4.3,11185
Sony WH,Sony,382.1,4.4,407
Beats Solo 4 ,Beats,N/A,4.6,14150
Apple AirPods Pro 2 Wireless Earbuds,Apple,143.04,4.6,31291
Apple AirPods 4 Wireless Earbuds,Apple,110.67,4.5,6929
Bose QuietComfort Bluetooth Headphones,Bose,185.85,4.6,11603
NDO Wireless Earbuds Bluetooth 5.3 Headphones Sport,NDO,229.99,4.9,2287
Wireless Earbuds Bluetooth Headphones,Wireless,259.99,4.8,597
Beats Studio Pro ,Beats,168.25,4.5,22756
Sony WH,Sony,148..00,4.4,10537
Wireless Earbuds,Wireless,N/A,4.9,3564
Sony WH,Sony,N/A,4.6,60218
Wireless Earbuds,Wireless,199.99,4.8,521
Sony ULT WEAR Over,Sony,N/A,4.3,1669
JBL Live 770NC ,JBL,99.77,4.5,1045
Skullcandy Crusher ANC 2 Wireless Over,Skullcandy,208..53,4.6,188
Sennheiser Consumer Audio HD 660S2 ,Sennheiser,343.95,4.5,522
Skullcandy Hesh Evo Wireless Over,Skullcandy,104..99,4.5,1499
Bose QuietComfort Bluetooth Headphones,Bose,N/A,4.6,11603
Beats Studio Pro ,Beats,168.25,4.5,22756
Beats Solo 4 ,Beats,119.95,4.6,14150
JBL Tour One M2 ,JBL,329..95,4.1,580
Apple AirPods Pro 2 Wireless Earbuds,Apple,143.04,4.6,31291
Sony WH,Sony,N/A,4.6,60218
Sony WH,Sony,148..00,4.4,10537
Apple AirPods 4 Wireless Earbuds,Apple,110.67,4.5,6929
NDO Wireless Earbuds Bluetooth 5.3 Headphones Sport,NDO,229.99,4.9,2287
Sony ULT WEAR Over,Sony,N/A,4.3,1669
Wireless Earbuds,Wireless,N/A,4.9,3564
Skullcandy Crusher ANC 2 Wireless Over,Skullcandy,208..53,4.6,188
Sony INZONE H9 Gaming Headset,Sony,131.61,4.2,2191
JBL Live 770NC ,JBL,99.77,4.5,1045
Sony WH,Sony,382.1,4.4,407
Corsair Void v2 Wireless Gaming Headset with Bluetooth for PC,Corsair,129..99,4.2,31
Bose QuietComfort Bluetooth Headphones,Bose,N/A,4.6,11603
Beats Studio Pro ,Beats,168.25,4.5,22756
Beats Solo 4 ,Beats,119.95,4.6,14150
NDO Wireless Earbuds Bluetooth 5.3 Headphones Sport,NDO,229.99,4.9,2287
Sony WH,Sony,N/A,4.6,60218
Sony WH,Sony,148..00,4.4,10537
Sony WH,Sony,418,4.4,407
Wireless Earbuds,Wireless,N/A,4.9,3564
Sony ULT WEAR Over,Sony,N/A,4.3,1669
Wireless Earbuds,Wireless,219.99,4.8,554
Apple AirPods 4 Wireless Earbuds,Apple,110.67,4.5,6929
JBL Live 770NC ,JBL,99.77,4.5,1045
Apple AirPods Pro 2 Wireless Earbuds,Apple,143.04,4.6,31291
Sennheiser Consumer Audio HD 660S2 ,Sennheiser,343.95,4.5,522
JBL Tour One M2 ,JBL,329..95,4.1,580
Sony WH,Sony,382.1,4.4,407
Beats Solo 4 ,Beats,N/A,4.6,14150
Apple AirPods Pro 2 Wireless Earbuds,Apple,143.04,4.6,31291
Apple AirPods 4 Wireless Earbuds,Apple,110.67,4.5,6929
Bose QuietComfort Bluetooth Headphones,Bose,185.85,4.6,11603
NDO Wireless Earbuds Bluetooth 5.3 Headphones Sport,NDO,229.99,4.9,2287
Wireless Earbuds Bluetooth Headphones,Wireless,259.99,4.8,597
Beats Studio Pro ,Beats,168.25,4.5,22756
Sony WH,Sony,148..00,4.4,10537
Wireless Earbuds,Wireless,N/A,4.9,3564
Sony WH,Sony,N/A,4.6,60218
Wireless Earbuds,Wireless,199.99,4.8,521
Sony ULT WEAR Over,Sony,N/A,4.3,1669
JBL Live 770NC ,JBL,99.77,4.5,1045
Skullcandy Crusher ANC 2 Wireless Over,Skullcandy,208..53,4.6,188
Sennheiser Consumer Audio HD 660S2 ,Sennheiser,343.95,4.5,522
Skullcandy Hesh Evo Wireless Over,Skullcandy,104..99,4.5,1499
